index,node,max_load
load_1,1,26811.60467
load_2,2,41667.59595
load_3,3,43938.58275
load_4,4,41916.70587